,ID,Species,Temperature Range
244,A0A089JY33,Paenibacillus sp.,clash
13,P00781,Bacillus licheniformis,clash
385,A0A2W1M1X5,Paenibacillus sambharensis,clash
134,A0A0J6EJ48,Bacillus glycinifermentans,clash
181,A0A7Y8V0X1,Bacillus sp.,clash
318,A0A1H7NEC5,Paenibacillus sp.,clash
342,A0A1Q5XE62,Paenibacillus sp.,clash
92,P06566,Evansella cellulosilytica,clash
190,F8IJE7,Alicyclobacillus acidocaldarius,clash
185,F8IJE7,Alicyclobacillus acidocaldarius,clash
306,A0A1E3L808,Paenibacillus nuruki,clash
582,Q5B7U2,Emericella nidulans,clash
128,Q7X3S6,Bacillus licheniformis,clash
399,A0A3Q9I8E8,Paenibacillus lutimineralis,clash
178,A0A7Y8V0X1,Bacillus sp.,clash
577,Q4X0H4,Aspergillus fumigatus,clash
554,Q0CUW9,Aspergillus terreus,clash
207,Q93R81,Bacillus sp.,clash
390,A0A3G8R7A8,Paenibacillus sp.,clash
275,A0A167B7D7,Paenibacillus crassostreae,clash
119,D1L8C9,Bacillus pumilus,clash
219,A0A2S0JZM8,Lysinibacillus sphaericus,clash
218,A0A2S0JZM8,Lysinibacillus sphaericus,clash
82,P06565,Evansella cellulosilytica,clash
80,A0A1Q3DY90,Lentinula edodes,clash
592,A1CIW4,Aspergillus clavatus,clash
359,A0A1S2F5X9,Paenibacillus sp.,clash
115,D1L8C9,Bacillus pumilus,clash
327,A0A1I0C2D6,Paenibacillus sp.,clash
248,A0A089M629,Paenibacillus sp.,clash
104,P29019,Bacillus sp.,clash
391,A0A3G8R7A8,Paenibacillus sp.,clash
250,A0A089M629,Paenibacillus sp.,clash
213,G3M0R7,Bacillus sp.,clash
249,A0A089M629,Paenibacillus sp.,clash
363,A0A1S2F5X9,Paenibacillus sp.,clash
349,A0A1R1GJK9,Paenibacillus sp.,clash
105,P29019,Bacillus sp.,clash
11,P00781,Bacillus licheniformis,clash
405,A0A401IAB6,Paenibacillus sp.,clash
201,Q59232,Bacillus sp.,clash
46,A0A0S2S8N1,Paenibacillus sp.,65<=
136,A0A0J6EJ48,Bacillus glycinifermentans,65<=
440,A5A6G0,Paenibacillus sp.,65<=
88,P06565,Evansella cellulosilytica,65<=
445,A5A6G0,Paenibacillus sp.,65<=
198,Q59232,Bacillus sp.,65<=
54,P37957,Bacillus subtilis,65<=
107,P29019,Bacillus sp.,65<=
120,D1L8C9,Bacillus pumilus,65<=
414,A0A5C8LQB2,Paenibacillus sp.,65<=
570,A0A0K6G4J4,Rhizoctonia solani,65<=
387,A0A329KXT6,Paenibacillus sp.,65<=
418,A0A5C8LQB2,Paenibacillus sp.,65<=
487,G4NTQ6,Bacillus spizizenii,65<=
260,A0A165PWQ8,Paenibacillus elgii,65<=
377,A0A2W1LR43,Paenibacillus sambharensis,65<=
266,A0A165PWQ8,Paenibacillus elgii,65<=
206,Q93R81,Bacillus sp.,65<=
214,G3M0R7,Bacillus sp.,[60-65)
200,Q59232,Bacillus sp.,[60-65)
161,A0A6I7F9R8,Bacillus sp.,[60-65)
156,A0A6I7F9R8,Bacillus sp.,[60-65)
96,P06566,Evansella cellulosilytica,[60-65)
454,A0A357M4B3,Paenibacillus sp.,[60-65)
93,P06566,Evansella cellulosilytica,[60-65)
25,A0A837XTL8,Bacillus atrophaeus,[60-65)
98,P06566,Evansella cellulosilytica,[60-65)
486,G4NTQ6,Bacillus spizizenii,[60-65)
199,Q59232,Bacillus sp.,[60-65)
0,P00780,Bacillus licheniformis,[60-65)
484,G4NTQ6,Bacillus spizizenii,[60-65)
55,Q79F14,Bacillus subtilis,[60-65)
56,Q79F14,Bacillus subtilis,[60-65)
133,A0A0J6EJ48,Bacillus glycinifermentans,[60-65)
3,P00780,Bacillus licheniformis,[60-65)
480,A0A1D8GR37,Bacillus licheniformis,[60-65)
485,G4NTQ6,Bacillus spizizenii,[60-65)
212,Q93R81,Bacillus sp.,[60-65)
144,A0A2M8T350,Bacillus sp.,[60-65)
546,A0A5M3YSH4,Aspergillus terreus,[60-65)
545,A0A5M3YSH4,Aspergillus terreus,[60-65)
12,P00781,Bacillus licheniformis,[60-65)
10,P00781,Bacillus licheniformis,[60-65)
135,A0A0J6EJ48,Bacillus glycinifermentans,[60-65)
489,Q9K5F4,Bacillus licheniformis,[60-65)
114,D1L8C9,Bacillus pumilus,[60-65)
345,A0A1Q5XE62,Paenibacillus sp.,[60-65)
394,A0A3G8R7A8,Paenibacillus sp.,[60-65)
40,A0A0S2S8N1,Paenibacillus sp.,[60-65)
312,A0A1E3L808,Paenibacillus nuruki,[60-65)
378,A0A2W1LR43,Paenibacillus sambharensis,[60-65)
165,A0A7G7U8F5,Bacillus sp.,[60-65)
159,A0A6I7F9R8,Bacillus sp.,[60-65)
106,P29019,Bacillus sp.,[60-65)
376,A0A2W1LR43,Paenibacillus sambharensis,[60-65)
257,A0A117T1J4,Paenibacillus sp.,[60-65)
329,A0A1I0C2D6,Paenibacillus sp.,[60-65)
87,P06565,Evansella cellulosilytica,[60-65)
573,A0A0K6GAZ0,Rhizoctonia solani,[60-65)
415,A0A5C8LQB2,Paenibacillus sp.,[60-65)
170,A0A7G7U8F5,Bacillus sp.,[60-65)
343,A0A1Q5XE62,Paenibacillus sp.,[60-65)
413,A0A5C8LQB2,Paenibacillus sp.,[60-65)
256,A0A117T1J4,Paenibacillus sp.,[60-65)
255,A0A117T1J4,Paenibacillus sp.,[60-65)
338,A0A1Q5XE62,Paenibacillus sp.,[60-65)
425,A0A6G4A6S7,Paenibacillus sp.,[60-65)
439,A5A6G0,Paenibacillus sp.,[60-65)
459,A0A357M4B3,Paenibacillus sp.,[60-65)
337,A0A1Q5XE62,Paenibacillus sp.,[60-65)
340,A0A1Q5XE62,Paenibacillus sp.,[60-65)
192,F8IJE7,Alicyclobacillus acidocaldarius,[60-65)
103,P29019,Bacillus sp.,[60-65)
262,A0A165PWQ8,Paenibacillus elgii,[60-65)
263,A0A165PWQ8,Paenibacillus elgii,[60-65)
191,F8IJE7,Alicyclobacillus acidocaldarius,[60-65)
259,A0A165PWQ8,Paenibacillus elgii,[60-65)
268,A0A165PWQ8,Paenibacillus elgii,[60-65)
261,A0A165PWQ8,Paenibacillus elgii,[60-65)
116,D1L8C9,Bacillus pumilus,[60-65)
490,Q9K5F4,Bacillus licheniformis,[60-65)
267,A0A165PWQ8,Paenibacillus elgii,[60-65)
224,A0A2S5D2W9,Lysinibacillus sphaericus,[60-65)
121,D1L8C9,Bacillus pumilus,[60-65)
216,A0A2S0JX80,Lysinibacillus sphaericus,[60-65)
145,A0A2M8T350,Bacillus sp.,[60-65)
264,A0A165PWQ8,Paenibacillus elgii,[60-65)
169,A0A7G7U8F5,Bacillus sp.,[55-60)
155,A0A6I7F9R8,Bacillus sp.,[55-60)
171,A0A7G7U8F5,Bacillus sp.,[55-60)
143,A0A2M8T350,Bacillus sp.,[55-60)
149,A0A2M8T350,Bacillus sp.,[55-60)
215,G3M0R7,Bacillus sp.,[55-60)
173,A0A7Y8V0X1,Bacillus sp.,[55-60)
210,Q93R81,Bacillus sp.,[55-60)
176,A0A7Y8V0X1,Bacillus sp.,[55-60)
160,A0A6I7F9R8,Bacillus sp.,[55-60)
164,A0A7G7U8F5,Bacillus sp.,[55-60)
151,A0A2M8T350,Bacillus sp.,[55-60)
197,Q59232,Bacillus sp.,[55-60)
196,Q59232,Bacillus sp.,[55-60)
180,A0A7Y8V0X1,Bacillus sp.,[55-60)
209,Q93R81,Bacillus sp.,[55-60)
179,A0A7Y8V0X1,Bacillus sp.,[55-60)
168,A0A7G7U8F5,Bacillus sp.,[55-60)
101,P06566,Evansella cellulosilytica,[55-60)
153,A0A6I7F9R8,Bacillus sp.,[55-60)
279,A0A172ZEK7,Paenibacillus bovis,[55-60)
270,A0A167B7D7,Paenibacillus crassostreae,[55-60)
272,A0A167B7D7,Paenibacillus crassostreae,[55-60)
265,A0A165PWQ8,Paenibacillus elgii,[55-60)
403,A0A3Q9I9A4,Paenibacillus lutimineralis,[55-60)
430,A0A7X2L389,Paenibacillus monticola,[55-60)
397,A0A3G8R7A8,Paenibacillus sp.,[55-60)
462,A0A357M4B3,Paenibacillus sp.,[55-60)
457,A0A357M4B3,Paenibacillus sp.,[55-60)
243,A0A089IG88,Paenibacillus sp.,[55-60)
447,A5A6G0,Paenibacillus sp.,[55-60)
380,A0A2W1LR43,Paenibacillus sambharensis,[55-60)
384,A0A2W1LR43,Paenibacillus sambharensis,[55-60)
375,A0A2W1LR43,Paenibacillus sambharensis,[55-60)
455,A0A357M4B3,Paenibacillus sp.,[55-60)
39,A0A0S2S8N1,Paenibacillus sp.,[55-60)
242,A0A089I8I4,Paenibacillus sp.,[55-60)
258,A0A117T1J4,Paenibacillus sp.,[55-60)
446,A5A6G0,Paenibacillus sp.,[55-60)
32,O66065,Fibrobacter succinogenes,[55-60)
29,O66065,Fibrobacter succinogenes,[55-60)
30,O66065,Fibrobacter succinogenes,[55-60)
193,Q59232,Bacillus sp.,[55-60)
174,A0A7Y8V0X1,Bacillus sp.,[55-60)
172,A0A7G7U8F5,Bacillus sp.,[55-60)
182,A0A7Y8V0X1,Bacillus sp.,[55-60)
475,A0A649ZV21,Bacillus sp.,[55-60)
154,A0A6I7F9R8,Bacillus sp.,[55-60)
585,Q5B7U2,Emericella nidulans,[55-60)
91,P06565,Evansella cellulosilytica,[55-60)
89,P06565,Evansella cellulosilytica,[55-60)
83,P06565,Evansella cellulosilytica,[55-60)
97,P06566,Evansella cellulosilytica,[55-60)
86,P06565,Evansella cellulosilytica,[55-60)
100,P06566,Evansella cellulosilytica,[55-60)
99,P06566,Evansella cellulosilytica,[55-60)
90,P06565,Evansella cellulosilytica,[55-60)
84,P06565,Evansella cellulosilytica,[55-60)
85,P06565,Evansella cellulosilytica,[55-60)
94,P06566,Evansella cellulosilytica,[55-60)
95,P06566,Evansella cellulosilytica,[55-60)
166,A0A7G7U8F5,Bacillus sp.,[55-60)
150,A0A2M8T350,Bacillus sp.,[55-60)
33,O66065,Fibrobacter succinogenes,[55-60)
406,A0A4R2A013,Paenibacillus sp.,[55-60)
411,A0A5C8LQB2,Paenibacillus sp.,[55-60)
417,A0A5C8LQB2,Paenibacillus sp.,[55-60)
544,A0A5M3YSH4,Aspergillus terreus,[55-60)
416,A0A5C8LQB2,Paenibacillus sp.,[55-60)
412,A0A5C8LQB2,Paenibacillus sp.,[55-60)
366,A0A1S2F5X9,Paenibacillus sp.,[55-60)
42,A0A0S2S8N1,Paenibacillus sp.,[55-60)
27,A0A837XTL8,Bacillus atrophaeus,[55-60)
137,A0A0J6EJ48,Bacillus glycinifermentans,[55-60)
139,A0A0J6EJ48,Bacillus glycinifermentans,[55-60)
129,Q7X3S6,Bacillus licheniformis,[55-60)
126,Q7X3S6,Bacillus licheniformis,[55-60)
125,Q7X3S6,Bacillus licheniformis,[55-60)
123,Q7X3S6,Bacillus licheniformis,[55-60)
138,A0A0J6EJ48,Bacillus glycinifermentans,[55-60)
441,A5A6G0,Paenibacillus sp.,[55-60)
43,A0A0S2S8N1,Paenibacillus sp.,[55-60)
47,A0A0S2S8N1,Paenibacillus sp.,[55-60)
184,F8IJE7,Alicyclobacillus acidocaldarius,[55-60)
186,F8IJE7,Alicyclobacillus acidocaldarius,[55-60)
187,F8IJE7,Alicyclobacillus acidocaldarius,[55-60)
189,F8IJE7,Alicyclobacillus acidocaldarius,[55-60)
396,A0A3G8R7A8,Paenibacillus sp.,[55-60)
393,A0A3G8R7A8,Paenibacillus sp.,[55-60)
419,A0A5C8LQB2,Paenibacillus sp.,[55-60)
420,A0A5C8LQB2,Paenibacillus sp.,[55-60)
388,A0A3G8R7A8,Paenibacillus sp.,[55-60)
421,A0A6G4A6S7,Paenibacillus sp.,[55-60)
365,A0A1S2F5X9,Paenibacillus sp.,[55-60)
205,Q93R81,Bacillus sp.,[55-60)
52,A0A0S2S8Q2,Paenibacillus sp.,[55-60)
408,A0A4R2A013,Paenibacillus sp.,[55-60)
48,A0A0S2S8N1,Paenibacillus sp.,[55-60)
132,Q7X3S6,Bacillus licheniformis,[55-60)
482,A0A1D8GR37,Bacillus licheniformis,[55-60)
152,A0A2M8T350,Bacillus sp.,[55-60)
131,Q7X3S6,Bacillus licheniformis,[55-60)
127,Q7X3S6,Bacillus licheniformis,[55-60)
202,Q59232,Bacillus sp.,[55-60)
204,Q93R81,Bacillus sp.,[55-60)
60,A0A0A0PHP9,Bacillus licheniformis,[55-60)
113,D1L8C9,Bacillus pumilus,[55-60)
118,D1L8C9,Bacillus pumilus,[55-60)
117,D1L8C9,Bacillus pumilus,[55-60)
109,P29019,Bacillus sp.,[50-55)
194,Q59232,Bacillus sp.,[50-55)
175,A0A7Y8V0X1,Bacillus sp.,[50-55)
195,Q59232,Bacillus sp.,[50-55)
122,D1L8C9,Bacillus pumilus,[50-55)
471,A0A649ZV21,Bacillus sp.,[50-55)
50,A0A0S2S8Q2,Paenibacillus sp.,[50-55)
51,A0A0S2S8Q2,Paenibacillus sp.,[50-55)
427,A0A6G4A6S7,Paenibacillus sp.,[50-55)
392,A0A3G8R7A8,Paenibacillus sp.,[50-55)
62,A0A0A0PHP9,Bacillus licheniformis,[50-55)
24,A0A837XTL8,Bacillus atrophaeus,[50-55)
507,A2R1X8,Aspergillus niger,[50-55)
37,O66065,Fibrobacter succinogenes,[50-55)
188,F8IJE7,Alicyclobacillus acidocaldarius,[50-55)
432,A0A7X2L389,Paenibacillus monticola,[50-55)
28,O08342,Paenibacillus barcinonensis,[50-55)
157,A0A6I7F9R8,Bacillus sp.,[50-55)
284,A0A172ZEK7,Paenibacillus bovis,[50-55)
280,A0A172ZEK7,Paenibacillus bovis,[50-55)
163,A0A7G7U8F5,Bacillus sp.,[50-55)
286,A0A172ZEK7,Paenibacillus bovis,[50-55)
273,A0A167B7D7,Paenibacillus crassostreae,[50-55)
326,A0A1I0C2D6,Paenibacillus sp.,[50-55)
276,A0A167B7D7,Paenibacillus crassostreae,[50-55)
274,A0A167B7D7,Paenibacillus crassostreae,[50-55)
247,A0A089M629,Paenibacillus sp.,[50-55)
458,A0A357M4B3,Paenibacillus sp.,[50-55)
332,A0A1Q5WPN6,Paenibacillus sp.,[50-55)
588,A1CFQ9,Aspergillus clavatus,[50-55)
400,A0A3Q9I8E8,Paenibacillus lutimineralis,[50-55)
404,A0A3Q9I9A4,Paenibacillus lutimineralis,[50-55)
433,A0A7X2L389,Paenibacillus monticola,[50-55)
431,A0A7X2L389,Paenibacillus monticola,[50-55)
434,A0A7X2L389,Paenibacillus monticola,[50-55)
146,A0A2M8T350,Bacillus sp.,[50-55)
177,A0A7Y8V0X1,Bacillus sp.,[50-55)
64,A0A0A0RGT3,Bacillus amyloliquefaciens,[50-55)
23,A0A837XTL8,Bacillus atrophaeus,[50-55)
424,A0A6G4A6S7,Paenibacillus sp.,[50-55)
481,A0A1D8GR37,Bacillus licheniformis,[50-55)
379,A0A2W1LR43,Paenibacillus sambharensis,[50-55)
483,A0A1D8GR37,Bacillus licheniformis,[50-55)
382,A0A2W1LR43,Paenibacillus sambharensis,[50-55)
61,A0A0A0PHP9,Bacillus licheniformis,[50-55)
395,A0A3G8R7A8,Paenibacillus sp.,[50-55)
49,A0A0S2S8Q2,Paenibacillus sp.,[50-55)
381,A0A2W1LR43,Paenibacillus sambharensis,[50-55)
456,A0A357M4B3,Paenibacillus sp.,[50-55)
357,A0A1S2F5X9,Paenibacillus sp.,[50-55)
410,A0A5C8LJ84,Paenibacillus sp.,[50-55)
322,A0A1H7NEC5,Paenibacillus sp.,[50-55)
292,A0A1B2DNU9,Paenibacillus sp.,[50-55)
568,A0A0K6FR70,Rhizoctonia solani,[50-55)
26,A0A837XTL8,Bacillus atrophaeus,[50-55)
130,Q7X3S6,Bacillus licheniformis,[50-55)
162,A0A6I7F9R8,Bacillus sp.,[50-55)
422,A0A6G4A6S7,Paenibacillus sp.,[50-55)
301,A0A1E3L5T1,Paenibacillus nuruki,[50-55)
142,A0A0J6EJ48,Bacillus glycinifermentans,[50-55)
373,A0A2S0U5A9,Paenibacillus sp.,[50-55)
453,A0A357M4B3,Paenibacillus sp.,[50-55)
57,Q79F14,Bacillus subtilis,[40-45)
315,A0A1E3L808,Paenibacillus nuruki,[40-45)
63,A0A0A0RGT3,Bacillus amyloliquefaciens,[40-45)
70,A0A0A3X2W2,Acinetobacter sp.,[40-45)
16,P00781,Bacillus licheniformis,[40-45)
298,A0A1E3KX41,Paenibacillus nuruki,[40-45)
246,A0A089M629,Paenibacillus sp.,[40-45)
6,P00780,Bacillus licheniformis,[40-45)
147,A0A2M8T350,Bacillus sp.,[40-45)
53,P37957,Bacillus subtilis,[40-45)
401,A0A3Q9I8E8,Paenibacillus lutimineralis,[40-45)
158,A0A6I7F9R8,Bacillus sp.,[40-45)
344,A0A1Q5XE62,Paenibacillus sp.,[40-45)
208,Q93R81,Bacillus sp.,[40-45)
9,P00780,Bacillus licheniformis,[40-45)
7,P00780,Bacillus licheniformis,[40-45)
506,A2R1X8,Aspergillus niger,[40-45)
2,P00780,Bacillus licheniformis,[40-45)
305,A0A1E3L5T1,Paenibacillus nuruki,[40-45)
307,A0A1E3L808,Paenibacillus nuruki,[45-50)
443,A5A6G0,Paenibacillus sp.,[45-50)
438,A5A6G0,Paenibacillus sp.,[45-50)
383,A0A2W1LR43,Paenibacillus sambharensis,[45-50)
442,A5A6G0,Paenibacillus sp.,[45-50)
565,A0A074RVL6,Rhizoctonia solani,[45-50)
574,X8J234,Rhizoctonia solani,[45-50)
283,A0A172ZEK7,Paenibacillus bovis,[45-50)
304,A0A1E3L5T1,Paenibacillus nuruki,[45-50)
309,A0A1E3L808,Paenibacillus nuruki,[45-50)
444,A5A6G0,Paenibacillus sp.,[45-50)
217,A0A2S0JX80,Lysinibacillus sphaericus,[45-50)
14,P00781,Bacillus licheniformis,[45-50)
17,P00781,Bacillus licheniformis,[45-50)
476,A0A0D4L548,Bacillus subtilis,[45-50)
222,A0A2S5D2W9,Lysinibacillus sphaericus,[45-50)
221,A0A2S5D2W9,Lysinibacillus sphaericus,[45-50)
203,Q93R81,Bacillus sp.,[45-50)
22,A0A837XTL8,Bacillus atrophaeus,[45-50)
226,A0A2S5D2W9,Lysinibacillus sphaericus,[45-50)
20,A0A837XTL8,Bacillus atrophaeus,[45-50)
21,A0A837XTL8,Bacillus atrophaeus,[45-50)
225,A0A2S5D2W9,Lysinibacillus sphaericus,[45-50)
460,A0A357M4B3,Paenibacillus sp.,<40
252,A0A089M629,Paenibacillus sp.,<40
41,A0A0S2S8N1,Paenibacillus sp.,<40
44,A0A0S2S8N1,Paenibacillus sp.,<40
331,A0A1I6QBR1,Paenibacillus sp.,<40
323,A0A1H7NEC5,Paenibacillus sp.,<40
361,A0A1S2F5X9,Paenibacillus sp.,<40
253,A0A089M629,Paenibacillus sp.,<40
325,A0A1H7NEC5,Paenibacillus sp.,<40
297,A0A1B2DNU9,Paenibacillus sp.,<40
448,W4B544,Paenibacillus sp.,<40
320,A0A1H7NEC5,Paenibacillus sp.,<40
451,W4B544,Paenibacillus sp.,<40
452,W4B544,Paenibacillus sp.,<40
461,A0A357M4B3,Paenibacillus sp.,<40
254,A0A117T1J4,Paenibacillus sp.,<40
45,A0A0S2S8N1,Paenibacillus sp.,<40
572,A0A0K6GAZ0,Rhizoctonia solani,<40
571,A0A0K6GAZ0,Rhizoctonia solani,<40
469,E2FZU3,Trichoderma longibrachiatum,<40
468,E2FZU3,Trichoderma longibrachiatum,<40
463,E2FZU3,Trichoderma longibrachiatum,<40
464,E2FZU3,Trichoderma longibrachiatum,<40
465,E2FZU3,Trichoderma longibrachiatum,<40
557,A0A0B7FM60,Thanatephorus cucumeris,<40
558,A0A0B7FM60,Thanatephorus cucumeris,<40
559,A0A0B7FM60,Thanatephorus cucumeris,<40
561,A0A0B7FM60,Thanatephorus cucumeris,<40
562,A0A0B7FM60,Thanatephorus cucumeris,<40
563,A0A0B7FM60,Thanatephorus cucumeris,<40
560,A0A0B7FM60,Thanatephorus cucumeris,<40
556,A0A0B7FM60,Thanatephorus cucumeris,<40
555,A0A0B7FM60,Thanatephorus cucumeris,<40
81,Q9L035,Streptomyces coelicolor,<40
567,A0A0K6FR70,Rhizoctonia solani,<40
370,A0A2M9MKX2,Paenibacillus sp.,<40
564,A0A066V6S6,Rhizoctonia solani,<40
371,A0A2M9MKX2,Paenibacillus sp.,<40
566,A0A0K6FR70,Rhizoctonia solani,<40
569,A0A0K6G4J4,Rhizoctonia solani,<40
245,A0A089M629,Paenibacillus sp.,<40
330,A0A1I0C2D6,Paenibacillus sp.,<40
336,A0A1Q5WPN6,Paenibacillus sp.,<40
372,A0A2M9MKX2,Paenibacillus sp.,<40
316,A0A1H7NEC5,Paenibacillus sp.,<40
317,A0A1H7NEC5,Paenibacillus sp.,<40
324,A0A1H7NEC5,Paenibacillus sp.,<40
319,A0A1H7NEC5,Paenibacillus sp.,<40
358,A0A1S2F5X9,Paenibacillus sp.,<40
435,A0A7X9YJ40,Paenibacillus sp.,<40
356,A0A1R1GJK9,Paenibacillus sp.,<40
333,A0A1Q5WPN6,Paenibacillus sp.,<40
437,A0A7X9YJ40,Paenibacillus sp.,<40
334,A0A1Q5WPN6,Paenibacillus sp.,<40
362,A0A1S2F5X9,Paenibacillus sp.,<40
436,A0A7X9YJ40,Paenibacillus sp.,<40
350,A0A1R1GJK9,Paenibacillus sp.,<40
348,A0A1R1GJK9,Paenibacillus sp.,<40
347,A0A1Q5XIQ7,Paenibacillus sp.,<40
346,A0A1Q5XE62,Paenibacillus sp.,<40
367,A0A2M9MKX2,Paenibacillus sp.,<40
364,A0A1S2F5X9,Paenibacillus sp.,<40
341,A0A1Q5XE62,Paenibacillus sp.,<40
339,A0A1Q5XE62,Paenibacillus sp.,<40
374,A0A2S0U5A9,Paenibacillus sp.,<40
328,A0A1I0C2D6,Paenibacillus sp.,<40
290,A0A1B2DNU9,Paenibacillus sp.,<40
289,A0A1B2DNU9,Paenibacillus sp.,<40
293,A0A1B2DNU9,Paenibacillus sp.,<40
368,A0A2M9MKX2,Paenibacillus sp.,<40
251,A0A089M629,Paenibacillus sp.,<40
360,A0A1S2F5X9,Paenibacillus sp.,<40
294,A0A1B2DNU9,Paenibacillus sp.,<40
296,A0A1B2DNU9,Paenibacillus sp.,<40
355,A0A1R1GJK9,Paenibacillus sp.,<40
449,W4B544,Paenibacillus sp.,<40
354,A0A1R1GJK9,Paenibacillus sp.,<40
321,A0A1H7NEC5,Paenibacillus sp.,<40
335,A0A1Q5WPN6,Paenibacillus sp.,<40
450,W4B544,Paenibacillus sp.,<40
426,A0A6G4A6S7,Paenibacillus sp.,<40
423,A0A6G4A6S7,Paenibacillus sp.,<40
353,A0A1R1GJK9,Paenibacillus sp.,<40
386,A0A329KXT6,Paenibacillus sp.,<40
389,A0A3G8R7A8,Paenibacillus sp.,<40
409,A0A4R2A013,Paenibacillus sp.,<40
295,A0A1B2DNU9,Paenibacillus sp.,<40
352,A0A1R1GJK9,Paenibacillus sp.,<40
407,A0A4R2A013,Paenibacillus sp.,<40
351,A0A1R1GJK9,Paenibacillus sp.,<40
291,A0A1B2DNU9,Paenibacillus sp.,<40
369,A0A2M9MKX2,Paenibacillus sp.,<40
543,A0A219CAR9,Acinetobacter baumannii,<40
288,A0A1A5YLD7,Paenibacillus oryzae,<40
500,A2QM14,Aspergillus niger,<40
499,A2QF64,Aspergillus niger,<40
508,G3XMB4,Aspergillus niger,<40
505,A2QM14,Aspergillus niger,<40
503,A2QM14,Aspergillus niger,<40
580,Q4X0H4,Aspergillus fumigatus,<40
578,Q4X0H4,Aspergillus fumigatus,<40
501,A2QM14,Aspergillus niger,<40
576,Q4X0H4,Aspergillus fumigatus,<40
575,Q4X0H4,Aspergillus fumigatus,<40
594,A1CIW4,Aspergillus clavatus,<40
593,A1CIW4,Aspergillus clavatus,<40
591,A1CHV8,Aspergillus clavatus,<40
590,A1CHV8,Aspergillus clavatus,<40
586,A1C723,Aspergillus clavatus,<40
587,A1C723,Aspergillus clavatus,<40
579,Q4X0H4,Aspergillus fumigatus,<40
589,A1CHV8,Aspergillus clavatus,<40
509,G3XMB4,Aspergillus niger,<40
504,A2QM14,Aspergillus niger,<40
549,A0A5M3YZT2,Aspergillus terreus,<40
548,A0A5M3YSH4,Aspergillus terreus,<40
547,A0A5M3YSH4,Aspergillus terreus,<40
513,G3XMB4,Aspergillus niger,<40
514,G3XMB4,Aspergillus niger,<40
494,A2QF64,Aspergillus niger,<40
496,A2QF64,Aspergillus niger,<40
510,G3XMB4,Aspergillus niger,<40
493,A2QF64,Aspergillus niger,<40
492,A2QF64,Aspergillus niger,<40
491,A2QF64,Aspergillus niger,<40
497,A2QF64,Aspergillus niger,<40
511,G3XMB4,Aspergillus niger,<40
498,A2QF64,Aspergillus niger,<40
502,A2QM14,Aspergillus niger,<40
512,G3XMB4,Aspergillus niger,<40
495,A2QF64,Aspergillus niger,<40
183,F8IJE7,Alicyclobacillus acidocaldarius,<40
69,A0A0A3X2W2,Acinetobacter sp.,<40
68,A0A0A3X2W2,Acinetobacter sp.,<40
522,A0A0D7THE4,Acinetobacter baumannii,<40
534,A0A219CAR9,Acinetobacter baumannii,<40
520,A0A0D7THE4,Acinetobacter baumannii,<40
533,A0A0G4QMX9,Acinetobacter baumannii,<40
532,A0A0G4QMX9,Acinetobacter baumannii,<40
521,A0A0D7THE4,Acinetobacter baumannii,<40
531,A0A0G4QMX9,Acinetobacter baumannii,<40
515,A0A0D7THE4,Acinetobacter baumannii,<40
530,A0A0G4QMX9,Acinetobacter baumannii,<40
516,A0A0D7THE4,Acinetobacter baumannii,<40
528,A0A0G4QMX9,Acinetobacter baumannii,<40
538,A0A219CAR9,Acinetobacter baumannii,<40
540,A0A219CAR9,Acinetobacter baumannii,<40
519,A0A0D7THE4,Acinetobacter baumannii,<40
518,A0A0D7THE4,Acinetobacter baumannii,<40
517,A0A0D7THE4,Acinetobacter baumannii,<40
529,A0A0G4QMX9,Acinetobacter baumannii,<40
536,A0A219CAR9,Acinetobacter baumannii,<40
535,A0A219CAR9,Acinetobacter baumannii,<40
526,A0A0G4QMX9,Acinetobacter baumannii,<40
67,A0A0A3X2W2,Acinetobacter sp.,<40
66,A0A0A3X2W2,Acinetobacter sp.,<40
77,Q6FD56,Acinetobacter baylyi,<40
74,Q6FD56,Acinetobacter baylyi,<40
71,Q6FD56,Acinetobacter baylyi,<40
75,Q6FD56,Acinetobacter baylyi,<40
72,Q6FD56,Acinetobacter baylyi,<40
73,Q6FD56,Acinetobacter baylyi,<40
76,Q6FD56,Acinetobacter baylyi,<40
523,A0A0D7THE4,Acinetobacter baumannii,<40
542,A0A219CAR9,Acinetobacter baumannii,<40
537,A0A219CAR9,Acinetobacter baumannii,<40
539,A0A219CAR9,Acinetobacter baumannii,<40
541,A0A219CAR9,Acinetobacter baumannii,<40
524,A0A0D7THE4,Acinetobacter baumannii,<40
525,A0A0G4QMX9,Acinetobacter baumannii,<40
527,A0A0G4QMX9,Acinetobacter baumannii,<40
550,A0A5M3YZT2,Aspergillus terreus,<40
287,A0A1A5YLD7,Paenibacillus oryzae,<40
551,A0A5M3YZT2,Aspergillus terreus,<40
553,A0A5M3YZT2,Aspergillus terreus,<40
220,A0A2S5D2W9,Lysinibacillus sphaericus,<40
223,A0A2S5D2W9,Lysinibacillus sphaericus,<40
240,A0A7W3B187,Klebsiella sp.,<40
241,A0A7W3B187,Klebsiella sp.,<40
236,A0A7W3B187,Klebsiella sp.,<40
239,A0A7W3B187,Klebsiella sp.,<40
234,A0A7W3B187,Klebsiella sp.,<40
282,A0A172ZEK7,Paenibacillus bovis,<40
232,A0A7W3B187,Klebsiella sp.,<40
237,A0A7W3B187,Klebsiella sp.,<40
235,A0A7W3B187,Klebsiella sp.,<40
238,A0A7W3B187,Klebsiella sp.,<40
231,A0A5R9LMT8,Klebsiella indica,<40
227,A0A5R9LMT8,Klebsiella indica,<40
229,A0A5R9LMT8,Klebsiella indica,<40
230,A0A5R9LMT8,Klebsiella indica,<40
233,A0A7W3B187,Klebsiella sp.,<40
228,A0A5R9LMT8,Klebsiella indica,<40
285,A0A172ZEK7,Paenibacillus bovis,<40
281,A0A172ZEK7,Paenibacillus bovis,<40
300,A0A1E3L5T1,Paenibacillus nuruki,<40
299,A0A1E3KX41,Paenibacillus nuruki,<40
310,A0A1E3L808,Paenibacillus nuruki,<40
308,A0A1E3L808,Paenibacillus nuruki,<40
303,A0A1E3L5T1,Paenibacillus nuruki,<40
314,A0A1E3L808,Paenibacillus nuruki,<40
302,A0A1E3L5T1,Paenibacillus nuruki,<40
277,A0A172ZEK7,Paenibacillus bovis,<40
313,A0A1E3L808,Paenibacillus nuruki,<40
429,A0A7X2H4P4,Paenibacillus monticola,<40
428,A0A7X2H4P4,Paenibacillus monticola,<40
398,A0A3Q9I8E8,Paenibacillus lutimineralis,<40
402,A0A3Q9I9A4,Paenibacillus lutimineralis,<40
269,A0A167B7D7,Paenibacillus crassostreae,<40
271,A0A167B7D7,Paenibacillus crassostreae,<40
278,A0A172ZEK7,Paenibacillus bovis,<40
311,A0A1E3L808,Paenibacillus nuruki,<40
35,O66065,Fibrobacter succinogenes,<40
31,O66065,Fibrobacter succinogenes,<40
38,O66065,Fibrobacter succinogenes,<40
59,A0A0A0PHP9,Bacillus licheniformis,<40
124,Q7X3S6,Bacillus licheniformis,<40
112,A0A3G1GM07,Bacillus licheniformis,<40
111,A0A3G1GM07,Bacillus licheniformis,<40
8,P00780,Bacillus licheniformis,<40
58,A0A0A0PHP9,Bacillus licheniformis,<40
18,P00781,Bacillus licheniformis,<40
470,Q5YEX6,Bacillus sp.,<40
4,P00780,Bacillus licheniformis,<40
19,P00781,Bacillus licheniformis,<40
1,P00780,Bacillus licheniformis,<40
5,P00780,Bacillus licheniformis,<40
488,Q9K5F4,Bacillus licheniformis,<40
141,A0A0J6EJ48,Bacillus glycinifermentans,<40
140,A0A0J6EJ48,Bacillus glycinifermentans,<40
65,A0A0A0RGT3,Bacillus amyloliquefaciens,<40
15,P00781,Bacillus licheniformis,<40
472,A0A649ZV21,Bacillus sp.,<40
474,A0A649ZV21,Bacillus sp.,<40
473,A0A649ZV21,Bacillus sp.,<40
34,O66065,Fibrobacter succinogenes,<40
36,O66065,Fibrobacter succinogenes,<40
467,E2FZU3,Trichoderma longibrachiatum,<40
584,Q5B7U2,Emericella nidulans,<40
581,Q5B7U2,Emericella nidulans,<40
583,Q5B7U2,Emericella nidulans,<40
79,B9W8X7,Candida dubliniensis,<40
78,B9W8X7,Candida dubliniensis,<40
479,A0A0G8C1Q8,Bacillus wiedmannii,<40
478,A0A0G8C1Q8,Bacillus wiedmannii,<40
477,A0A0G8C1Q8,Bacillus wiedmannii,<40
211,Q93R81,Bacillus sp.,<40
148,A0A2M8T350,Bacillus sp.,<40
108,P29019,Bacillus sp.,<40
102,P29019,Bacillus sp.,<40
110,P29019,Bacillus sp.,<40
167,A0A7G7U8F5,Bacillus sp.,<40
552,A0A5M3YZT2,Aspergillus terreus,<40
466,E2FZU3,Trichoderma longibrachiatum,<40
